{
  "A_wet": 1.4800274693830833,
  "A_frz": 0.08472533704534324,
  "floor_per_day": 1.4333333333333333,
  "N_cum": {
    "1": 32561,
    "2": 40454,
    "3": 44566,
    "4": 46411,
    "5": 50035,
    "6": 88828,
    "7": 97663,
    "8": 98525,
    "9": 99168,
    "10": 99847,
    "11": 99890
  },
  "dN": {
    "1": 32561,
    "2": 7893,
    "3": 4112,
    "4": 1845,
    "5": 3624,
    "6": 38793,
    "7": 8835,
    "8": 862,
    "9": 643,
    "10": 679,
    "11": 43
  },
  "rate_per_day": {
    "1": 1085.3666666666666,
    "2": 1578.6,
    "3": 822.4,
    "4": 369.0,
    "5": 724.8,
    "6": 1293.1,
    "7": 1767.0,
    "8": 172.4,
    "9": 128.6,
    "10": 135.8,
    "11": 1.4333333333333333
  },
  "D_total_pct": 4.809639115765977
}