{
  "A_wet": 7.025081788440567,
  "A_frz": 0.004553451309117251,
  "r_wet_per_day": 644.2,
  "floor_per_day": 2.933333333333333,
  "N_cum": {
    "1": 2751,
    "2": 5772,
    "3": 11070,
    "4": 17838,
    "5": 20391,
    "6": 34961,
    "7": 36470,
    "8": 37023,
    "9": 37503,
    "10": 37892,
    "11": 37980
  },
  "dN": {
    "1": 2751,
    "2": 3021,
    "3": 5298,
    "4": 6768,
    "5": 2553,
    "6": 14570,
    "7": 1509,
    "8": 553,
    "9": 480,
    "10": 389,
    "11": 88
  },
  "rate_per_day": {
    "1": 91.7,
    "2": 604.2,
    "3": 1059.6,
    "4": 1353.6,
    "5": 510.6,
    "6": 485.6666666666667,
    "7": 301.8,
    "8": 110.6,
    "9": 96.0,
    "10": 77.8,
    "11": 2.933333333333333
  },
  "D_total_pct": 1.8287125199398517
}